Date,Predicted,Actual
11-Aug-17,123.57,157.48
10-Aug-17,125.0,155.32
9-Aug-17,126.27000000000001,161.06
8-Aug-17,126.83000000000001,160.08
7-Aug-17,123.91999999999999,158.81
4-Aug-17,122.4,156.39
3-Aug-17,122.21000000000001,155.57
2-Aug-17,124.75,157.14
1-Aug-17,115.22,150.05
31-Jul-17,115.33000000000001,148.73
28-Jul-17,115.22999999999999,149.5
27-Jul-17,118.99000000000001,150.56
26-Jul-17,118.93,153.46
25-Jul-17,118.84,152.74
24-Jul-17,117.44,152.09
21-Jul-17,115.44,150.27
20-Jul-17,116.74000000000001,150.34
19-Jul-17,116.41999999999999,151.02
18-Jul-17,115.13,150.08
17-Jul-17,115.9,149.56
14-Jul-17,114.33000000000001,149.04
13-Jul-17,113.49000000000001,147.77
12-Jul-17,111.18,145.74
11-Jul-17,110.85,145.53
10-Jul-17,110.94999999999999,145.06
7-Jul-17,109.75,144.18
6-Jul-17,108.5,142.73
5-Jul-17,109.78999999999999,144.09
3-Jul-17,110.30000000000001,143.5
30-Jun-17,109.96000000000001,144.02
29-Jun-17,110.13,143.68
28-Jun-17,111.11000000000001,145.83
27-Jun-17,111.16,143.73
26-Jun-17,113.28,145.82
23-Jun-17,112.16,146.28
22-Jun-17,111.69999999999999,145.63
21-Jun-17,111.07,145.87
20-Jun-17,111.87,145.01
19-Jun-17,111.74000000000001,146.34
16-Jun-17,109.5,142.27
15-Jun-17,109.47999999999999,144.29
14-Jun-17,112.5,145.16
13-Jun-17,112.44999999999999,146.59
12-Jun-17,111.09,145.42
9-Jun-17,120.19,148.98
8-Jun-17,120.53999999999999,154.99
7-Jun-17,120.97999999999999,155.37
6-Jun-17,120.81,154.45
5-Jun-17,119.44999999999999,153.93
2-Jun-17,120.44999999999999,155.45
1-Jun-17,118.33000000000001,153.18
31-May-17,119.16999999999999,152.76
30-May-17,119.43,153.67
26-May-17,119.24000000000001,153.61
25-May-17,119.35,153.87
24-May-17,119.16999999999999,153.34
23-May-17,119.9,153.8
22-May-17,119.58000000000001,153.99
19-May-17,118.97999999999999,153.06
18-May-17,118.34,152.54
17-May-17,119.57,150.25
16-May-17,121.06,155.47
15-May-17,121.65,155.7
12-May-17,121.41999999999999,156.1
11-May-17,119.07,153.95
10-May-17,118.94,153.26
9-May-17,119.88,153.99
8-May-17,118.69999999999999,153.01
5-May-17,113.97999999999999,148.96
4-May-17,112.13999999999999,146.53
3-May-17,112.49000000000001,147.06
2-May-17,113.09,147.51
1-May-17,112.19999999999999,146.58
28-Apr-17,109.30000000000001,143.65
27-Apr-17,109.16,143.79
26-Apr-17,109.6,143.68
25-Apr-17,109.9,144.53
24-Apr-17,108.94999999999999,143.64
21-Apr-17,107.68,142.27
20-Apr-17,107.91999999999999,142.44
19-Apr-17,107.0,140.68
18-Apr-17,107.03999999999999,141.2
17-Apr-17,106.88,141.83
13-Apr-17,107.38,141.05
12-Apr-17,107.15,141.8
11-Apr-17,108.35,141.63
10-Apr-17,108.88,143.17
7-Apr-17,109.18,143.34
6-Apr-17,109.52000000000001,143.66
5-Apr-17,110.46000000000001,144.02
4-Apr-17,109.88999999999999,144.77
3-Apr-17,109.12,143.7
31-Mar-17,109.27000000000001,143.66
30-Mar-17,109.5,143.93
29-Mar-17,109.49000000000001,144.12
28-Mar-17,109.03999999999999,143.8
27-Mar-17,106.22,140.88
24-Mar-17,106.74000000000001,140.64
23-Mar-17,106.58000000000001,140.92
22-Mar-17,106.6,141.42
21-Mar-17,107.80000000000001,139.84
20-Mar-17,106.5,141.46
17-Mar-17,106.0,139.99
16-Mar-17,106.02000000000001,140.69
15-Mar-17,105.75,140.46
14-Mar-17,104.65,138.99
13-Mar-17,104.43,139.2
10-Mar-17,104.36000000000001,139.14
9-Mar-17,103.78999999999999,138.68
8-Mar-17,104.80000000000001,139.0
7-Mar-17,104.97999999999999,139.52
6-Mar-17,104.77000000000001,139.34
3-Mar-17,104.83000000000001,139.78
2-Mar-17,105.28,138.96
1-Mar-17,105.15,139.79
28-Feb-17,102.44,136.99
27-Feb-17,102.44,136.93
24-Feb-17,101.66,136.66
23-Feb-17,102.47999999999999,136.53
22-Feb-17,102.12,137.11
21-Feb-17,101.75,136.7
17-Feb-17,100.83000000000001,135.72
16-Feb-17,100.9,135.34
15-Feb-17,101.27000000000001,135.51
14-Feb-17,100.09,135.02
13-Feb-17,98.82,133.29
10-Feb-17,97.94,132.12
9-Feb-17,97.44,132.42
8-Feb-17,97.22,132.04
7-Feb-17,97.09,131.53
6-Feb-17,95.5,130.29
3-Feb-17,94.19,129.08
2-Feb-17,94.38999999999999,128.53
1-Feb-17,95.49000000000001,128.75
31-Jan-17,86.39,121.35
30-Jan-17,86.63,121.63
27-Jan-17,87.35,121.95
26-Jan-17,87.44,121.94
25-Jan-17,87.1,121.88
24-Jan-17,85.1,119.97
23-Jan-17,85.81,120.08
20-Jan-17,85.45,120.0
19-Jan-17,85.09,119.78
18-Jan-17,85.5,119.99
17-Jan-17,85.24,120.0
13-Jan-17,84.62,119.04
12-Jan-17,84.3,119.25
11-Jan-17,84.93,119.75
10-Jan-17,84.38,119.11
9-Jan-17,84.43,118.99
6-Jan-17,83.16,117.91
5-Jan-17,81.86,116.61
4-Jan-17,81.51,116.02
3-Jan-17,81.33,116.15
30-Dec-16,82.2,115.82
29-Dec-16,82.11,116.73
28-Dec-16,83.02,116.76
27-Dec-16,82.8,117.26
23-Dec-16,81.52,116.52
22-Dec-16,81.51,116.29
21-Dec-16,82.4,117.06
20-Dec-16,82.5,116.95
19-Dec-16,82.38,116.64
16-Dec-16,81.5,115.97
15-Dec-16,81.73,115.82
14-Dec-16,81.2,115.19
13-Dec-16,80.92,115.19
12-Dec-16,80.0,113.3
9-Dec-16,79.7,113.95
8-Dec-16,77.43,112.12
7-Dec-16,76.19,111.03
6-Dec-16,75.36,109.95
5-Dec-16,75.03,109.11
2-Dec-16,75.09,109.9
1-Dec-16,75.94,109.49
30-Nov-16,77.2,110.52
29-Nov-16,77.03,111.46
28-Nov-16,77.46,111.57
25-Nov-16,76.87,111.79
23-Nov-16,76.51,111.23
22-Nov-16,77.42,111.8
21-Nov-16,76.99,111.73
18-Nov-16,75.54,110.06
17-Nov-16,75.35,109.95
16-Nov-16,75.23,109.99
15-Nov-16,72.68,107.11
14-Nov-16,72.81,105.71
11-Nov-16,73.87,108.43
10-Nov-16,76.09,107.79
9-Nov-16,76.32,110.88
8-Nov-16,76.72,111.06
7-Nov-16,75.51,110.41
4-Nov-16,75.25,108.84
3-Nov-16,76.46,109.83
2-Nov-16,77.35,111.59
1-Nov-16,78.77,111.49
31-Oct-16,79.23,113.54
28-Oct-16,80.21,113.72
27-Oct-16,80.86,114.48
26-Oct-16,80.7,115.59
25-Oct-16,83.36,118.25
24-Oct-16,82.74,117.65
21-Oct-16,81.91,116.6
20-Oct-16,82.38,117.06
19-Oct-16,82.76,117.12
18-Oct-16,83.21,117.47
17-Oct-16,82.84,117.55
14-Oct-16,83.17,117.63
13-Oct-16,82.44,116.98
12-Oct-16,82.98,117.34
11-Oct-16,83.69,116.3
10-Oct-16,81.75,116.05
7-Oct-16,79.56,114.06
6-Oct-16,79.34,113.89
5-Oct-16,78.66,113.05
4-Oct-16,79.31,113.0
3-Oct-16,78.05,112.52
30-Sep-16,78.37,113.05
29-Sep-16,78.8,112.18
28-Sep-16,79.64,113.95
27-Sep-16,78.18,113.09
26-Sep-16,78.39,112.88
23-Sep-16,79.79,112.71
22-Sep-16,79.94,114.62
21-Sep-16,78.99,113.55
20-Sep-16,79.12,113.57
19-Sep-16,81.18,113.58
16-Sep-16,81.13,114.92
15-Sep-16,80.73,115.57
14-Sep-16,78.03,111.77
13-Sep-16,73.79,107.95
12-Sep-16,70.72,105.44
9-Sep-16,70.72,103.13
8-Sep-16,72.27,105.52
7-Sep-16,73.76,108.36
6-Sep-16,73.3,107.7
2-Sep-16,73.0,107.73
1-Sep-16,71.8,106.73
31-Aug-16,71.57,106.1
30-Aug-16,71.5,106.0
29-Aug-16,72.44,106.82
26-Aug-16,72.95,106.94
25-Aug-16,72.88,107.57
24-Aug-16,73.75,108.03
23-Aug-16,74.32,108.85
22-Aug-16,74.1,108.51
19-Aug-16,74.69,109.36
18-Aug-16,74.6,109.08
17-Aug-16,74.37,109.22
16-Aug-16,75.23,109.38
15-Aug-16,74.54,109.48
12-Aug-16,73.44,108.18
11-Aug-16,73.93,107.93
10-Aug-16,73.9,108.0
9-Aug-16,73.94,108.81
8-Aug-16,73.37,108.37
5-Aug-16,72.65,107.48
4-Aug-16,71.0,105.87
3-Aug-16,70.84,105.79
2-Aug-16,71.07,104.48
1-Aug-16,71.15,106.05
29-Jul-16,69.55,104.21
28-Jul-16,69.45,104.34
27-Jul-16,69.35,102.95
26-Jul-16,62.97,96.67
25-Jul-16,63.84,97.34
22-Jul-16,64.3,98.66
21-Jul-16,66.0,99.43
20-Jul-16,65.46,99.96
19-Jul-16,65.0,99.87
18-Jul-16,65.13,99.83
15-Jul-16,64.3,98.78
14-Jul-16,63.989999999999995,98.79
13-Jul-16,62.67,96.87
12-Jul-16,62.7,97.42
11-Jul-16,62.650000000000006,96.98
8-Jul-16,61.89,96.68
7-Jul-16,61.5,95.94
6-Jul-16,60.66,95.53
5-Jul-16,60.400000000000006,94.99
1-Jul-16,61.459999999999994,95.89
30-Jun-16,60.769999999999996,95.6
29-Jun-16,59.55,94.4
28-Jun-16,58.66,93.59
27-Jun-16,58.05,92.04
24-Jun-16,59.66,93.4
23-Jun-16,61.290000000000006,96.1
22-Jun-16,61.89,95.55
21-Jun-16,61.349999999999994,95.91
20-Jun-16,61.56999999999999,95.1
17-Jun-16,61.650000000000006,95.33
16-Jun-16,62.75,97.55
15-Jun-16,63.41,97.14
14-Jun-16,63.480000000000004,97.46
13-Jun-16,64.12,97.34
10-Jun-16,64.35,98.83
9-Jun-16,64.99,99.65
8-Jun-16,64.56,98.94
7-Jun-16,64.87,99.03
6-Jun-16,66.89,98.63
3-Jun-16,63.269999999999996,97.92
2-Jun-16,62.84,97.72
1-Jun-16,64.54,98.46
31-May-16,65.4,99.86
27-May-16,65.47,100.35
26-May-16,65.73,100.41
25-May-16,64.74,99.62
24-May-16,63.09,97.9
23-May-16,62.19,96.43
20-May-16,60.43000000000001,95.22
19-May-16,59.64,94.2
18-May-16,60.209999999999994,94.56
17-May-16,59.7,93.49
16-May-16,59.39,93.88
13-May-16,56.67,90.52
12-May-16,57.78,90.34
11-May-16,58.56999999999999,92.51
10-May-16,58.56999999999999,93.42
9-May-16,58.769999999999996,92.79
6-May-16,58.45,92.72
5-May-16,59.06999999999999,93.24
4-May-16,60.900000000000006,94.19
3-May-16,60.739999999999995,95.18
2-May-16,59.08,93.64
29-Apr-16,59.72,93.74
28-Apr-16,62.879999999999995,94.83
27-Apr-16,63.709999999999994,97.82
26-Apr-16,70.3,104.35
25-Apr-16,70.65,105.08
22-Apr-16,71.48,105.68
21-Apr-16,71.93,105.97
20-Apr-16,73.09,107.13
19-Apr-16,73.0,106.91
18-Apr-16,73.95,107.48
15-Apr-16,77.3,109.85
14-Apr-16,77.39,112.1
13-Apr-16,77.34,112.04
12-Apr-16,75.5,110.44
11-Apr-16,75.61,109.02
8-Apr-16,74.77,108.66
7-Apr-16,75.42,108.54
6-Apr-16,75.98,110.96
5-Apr-16,75.73,109.81
4-Apr-16,77.19,111.12
1-Apr-16,75.0,109.99
31-Mar-16,74.9,108.99
30-Mar-16,75.42,109.56
29-Mar-16,72.79,107.68
28-Mar-16,71.19,105.19
24-Mar-16,71.25,105.67
23-Mar-16,72.07,106.13
22-Mar-16,72.29,106.72
21-Mar-16,72.65,105.91
18-Mar-16,71.5,105.92
17-Mar-16,71.47,105.8
16-Mar-16,71.31,105.97
15-Mar-16,70.18,104.58
14-Mar-16,67.91,102.52
11-Mar-16,67.28,102.26
10-Mar-16,67.24,101.17
9-Mar-16,66.58,101.12
8-Mar-16,66.76,101.03
7-Mar-16,67.83,101.87
4-Mar-16,68.75,103.01
3-Mar-16,66.71,101.5
2-Mar-16,65.89,100.75
1-Mar-16,65.77,100.53
29-Feb-16,63.230000000000004,96.69
26-Feb-16,63.019999999999996,96.91
25-Feb-16,61.760000000000005,96.76
24-Feb-16,61.379999999999995,96.1
23-Feb-16,61.5,94.69
22-Feb-16,61.900000000000006,96.88
19-Feb-16,61.760000000000005,96.04
18-Feb-16,63.89,96.26
17-Feb-16,63.209999999999994,98.12
16-Feb-16,61.849999999999994,96.64
12-Feb-16,59.5,93.99
11-Feb-16,59.72,93.7
10-Feb-16,61.349999999999994,94.27
9-Feb-16,60.94,94.99
8-Feb-16,60.7,95.01
5-Feb-16,61.92,94.02
4-Feb-16,62.33,96.6
3-Feb-16,61.84,96.35
2-Feb-16,61.040000000000006,94.48
1-Feb-16,61.709999999999994,96.43
29-Jan-16,62.34,97.34
28-Jan-16,59.519999999999996,94.09
27-Jan-16,61.629999999999995,93.42
26-Jan-16,65.88,99.99
25-Jan-16,66.53,99.44
22-Jan-16,66.46,101.42
21-Jan-16,62.879999999999995,96.3
20-Jan-16,63.19,96.79
19-Jan-16,63.650000000000006,96.66
15-Jan-16,62.709999999999994,97.13
14-Jan-16,65.48,99.52
13-Jan-16,66.19,97.39
12-Jan-16,65.69,99.96
11-Jan-16,64.06,98.53
8-Jan-16,64.11,96.96
7-Jan-16,65.13,96.45
6-Jan-16,67.37,100.7
5-Jan-16,70.85,102.71
4-Jan-16,70.37,105.35
31-Dec-15,72.03,105.26
30-Dec-15,73.7,107.32
29-Dec-15,74.43,108.74
28-Dec-15,72.69,106.82
24-Dec-15,74.0,108.03
23-Dec-15,73.85,108.61
22-Dec-15,72.72,107.23
21-Dec-15,72.37,107.33
18-Dec-15,74.52,106.03
17-Dec-15,77.25,108.98
16-Dec-15,76.99,111.34
15-Dec-15,77.8,110.49
14-Dec-15,77.68,112.48
11-Dec-15,80.39,113.18
10-Dec-15,81.94,116.17
9-Dec-15,82.69,115.62
8-Dec-15,83.6,118.23
7-Dec-15,84.86,118.28
4-Dec-15,84.25,119.03
3-Dec-15,81.79,115.2
2-Dec-15,83.11,116.28
1-Dec-15,83.81,117.34
30-Nov-15,84.41,118.3
27-Nov-15,83.41,117.81
25-Nov-15,84.23,118.03
24-Nov-15,84.35,118.88
23-Nov-15,84.73,117.75
20-Nov-15,84.92,119.3
19-Nov-15,84.75,118.78
18-Nov-15,82.49,117.29
17-Nov-15,80.05,113.69
16-Nov-15,79.24,114.18
13-Nov-15,80.57,112.34
12-Nov-15,81.82,115.72
11-Nov-15,82.42,116.11
10-Nov-15,83.07,116.77
9-Nov-15,86.81,120.57
6-Nov-15,86.81,121.06
5-Nov-15,87.69,120.92
4-Nov-15,88.82,122.0
3-Nov-15,88.49,122.57
2-Nov-15,86.36,121.18
30-Oct-15,86.22,119.5
29-Oct-15,85.69,120.53
28-Oct-15,84.3,119.27
27-Oct-15,81.54,114.55
26-Oct-15,83.13,115.28
23-Oct-15,84.23,119.08
22-Oct-15,80.5,115.5
21-Oct-15,80.58,113.76
20-Oct-15,79.17,113.77
19-Oct-15,76.75,111.73
16-Oct-15,77.0,111.04
15-Oct-15,77.1,111.86
14-Oct-15,76.52,110.21
13-Oct-15,77.45,111.79
12-Oct-15,77.75,111.6
9-Oct-15,77.28,112.12
8-Oct-15,75.19,109.5
7-Oct-15,76.77,110.78
6-Oct-15,76.74,111.31
5-Oct-15,76.37,110.78
2-Oct-15,76.01,110.38
1-Oct-15,74.62,109.58
30-Sep-15,76.54,110.3
29-Sep-15,78.51,109.06
28-Sep-15,79.57,112.44
25-Sep-15,81.69,114.71
24-Sep-15,80.5,115.0
23-Sep-15,79.72,114.32
22-Sep-15,79.18,113.4
21-Sep-15,80.37,115.21
18-Sep-15,79.3,113.45
17-Sep-15,81.49,113.92
16-Sep-15,81.54,116.41
15-Sep-15,81.53,116.28
14-Sep-15,81.89,115.31
11-Sep-15,79.21,114.21
10-Sep-15,78.28,112.57
9-Sep-15,79.02,110.15
8-Sep-15,77.56,112.31
4-Sep-15,75.45,109.27
3-Sep-15,77.78,110.37
2-Sep-15,77.34,112.34
1-Sep-15,76.88,107.72
31-Aug-15,79.53,112.76
28-Aug-15,78.31,113.29
27-Aug-15,78.24,112.92
26-Aug-15,74.89,109.69
25-Aug-15,76.11,103.74
24-Aug-15,73.8,103.12
21-Aug-15,76.9,105.76
20-Aug-15,79.35,112.65
19-Aug-15,81.52,115.01
18-Aug-15,82.44,116.5
17-Aug-15,82.65,117.16
14-Aug-15,81.31,115.96
13-Aug-15,81.4,115.15
12-Aug-15,80.42,115.24
11-Aug-15,83.18,113.49
10-Aug-15,84.99,119.72
7-Aug-15,81.25,115.52
6-Aug-15,81.5,115.13
5-Aug-15,82.44,115.4
4-Aug-15,82.7,114.64
3-Aug-15,87.57,118.44
31-Jul-15,87.64,121.3
30-Jul-15,87.57,122.37
29-Jul-15,88.5,122.99
28-Jul-15,88.91,123.38
27-Jul-15,88.61,122.77
24-Jul-15,90.74,124.5
23-Jul-15,92.09,125.16
22-Jul-15,90.5,125.22
21-Jul-15,97.91999999999999,130.75
20-Jul-15,97.97,132.07
17-Jul-15,94.62,129.62
16-Jul-15,93.57,128.51
15-Jul-15,92.15,126.82
14-Jul-15,91.37,125.61
13-Jul-15,90.76,125.66
10-Jul-15,88.85,123.28
9-Jul-15,89.06,120.07
8-Jul-15,89.64,122.57
7-Jul-15,91.15,125.69
6-Jul-15,91.23,126.0
2-Jul-15,91.69,126.44
1-Jul-15,91.94,126.6
30-Jun-15,91.12,125.42
29-Jun-15,91.47,124.53
26-Jun-15,92.99,126.75
25-Jun-15,94.19999999999999,127.5
24-Jun-15,94.80000000000001,128.11
23-Jun-15,92.61,127.03
22-Jun-15,93.06,127.61
19-Jun-15,92.82,126.6
18-Jun-15,93.31,127.88
17-Jun-15,92.88,127.3
16-Jun-15,92.85,127.6
15-Jun-15,92.24,126.92
12-Jun-15,93.33000000000001,127.17
11-Jun-15,95.18,128.59
10-Jun-15,94.34,128.88
9-Jun-15,93.08000000000001,127.42
8-Jun-15,94.21000000000001,127.8
5-Jun-15,94.69,128.65
4-Jun-15,95.58000000000001,129.36
3-Jun-15,95.94,130.12
2-Jun-15,95.66,129.96
1-Jun-15,96.38999999999999,130.54
29-May-15,96.44999999999999,130.28
28-May-15,96.94999999999999,131.78
27-May-15,97.25999999999999,132.04
26-May-15,97.91,129.62
22-May-15,97.97,132.54
21-May-15,96.63,131.39
20-May-15,95.97999999999999,130.06
19-May-15,95.88,130.07
18-May-15,95.72,130.19
15-May-15,94.49000000000001,128.77
14-May-15,93.94999999999999,128.95
13-May-15,92.19,126.01
12-May-15,91.88,125.86
11-May-15,92.56,126.32
8-May-15,92.62,127.62
7-May-15,91.08,125.26
6-May-15,91.75,125.01
5-May-15,93.44999999999999,125.8
4-May-15,95.57,128.7
1-May-15,95.13,128.95
30-Apr-15,92.88,125.15
29-Apr-15,96.59,128.64
28-Apr-15,99.53999999999999,130.56
27-Apr-15,98.13,132.65
24-Apr-15,95.63,130.28
23-Apr-15,95.41999999999999,129.67
22-Apr-15,93.87,128.62
21-Apr-15,93.19999999999999,126.91
20-Apr-15,93.12,127.6
17-Apr-15,91.14,124.75
16-Apr-15,92.1,126.17
15-Apr-15,92.13,126.78
14-Apr-15,92.29,126.3
13-Apr-15,93.57,126.85
10-Apr-15,92.21,127.1
9-Apr-15,91.58,126.56
8-Apr-15,91.4,125.6
7-Apr-15,93.12,126.01
6-Apr-15,92.51,127.35
2-Apr-15,90.56,125.32
1-Apr-15,90.12,124.25
31-Mar-15,91.49,124.43
30-Mar-15,91.4,126.37
27-Mar-15,89.7,123.25
26-Mar-15,89.88,124.24
25-Mar-15,91.82,123.38
24-Mar-15,93.03999999999999,126.69
23-Mar-15,92.85,127.21
20-Mar-15,93.4,125.9
19-Mar-15,94.25,127.5
18-Mar-15,94.16,128.47
17-Mar-15,92.32,127.04
16-Mar-15,89.95,124.95
13-Mar-15,90.4,123.59
12-Mar-15,89.9,124.45
11-Mar-15,89.77,122.24
10-Mar-15,92.22,124.51
9-Mar-15,94.57,127.14
6-Mar-15,94.37,126.6
5-Mar-15,93.75,126.41
4-Mar-15,94.56,128.54
3-Mar-15,94.52000000000001,129.36
2-Mar-15,95.28,129.09
27-Feb-15,95.57,128.46
26-Feb-15,95.87,130.42
25-Feb-15,96.6,128.79
24-Feb-15,98.6,132.17
23-Feb-15,98.0,133.0
20-Feb-15,94.5,129.5
19-Feb-15,94.03,128.45
18-Feb-15,93.78,128.72
17-Feb-15,93.88,127.83
13-Feb-15,92.28,127.08
12-Feb-15,92.48,126.46
11-Feb-15,89.92,124.88
10-Feb-15,87.15,122.02
9-Feb-15,84.84,119.72
6-Feb-15,85.25,118.93
5-Feb-15,85.23,119.94
4-Feb-15,85.51,119.56
3-Feb-15,84.09,118.65
2-Feb-15,84.17,118.63
30-Jan-15,85.0,117.16
29-Jan-15,84.19,118.9
28-Jan-15,83.12,115.31
27-Jan-15,77.48,109.14
26-Jan-15,79.36,113.1
23-Jan-15,78.75,112.98
22-Jan-15,77.47,112.4
21-Jan-15,76.06,109.55
20-Jan-15,73.97,108.72
16-Jan-15,72.58,105.99
15-Jan-15,75.06,106.82
14-Jan-15,75.49,109.8
13-Jan-15,77.8,110.22
12-Jan-15,77.63,109.25
9-Jan-15,78.25,112.01
8-Jan-15,77.15,111.89
7-Jan-15,73.2,107.75
6-Jan-15,72.43,106.26
5-Jan-15,73.65,106.25
2-Jan-15,76.44,109.33
31-Dec-14,78.13,110.38
30-Dec-14,78.92,112.52
29-Dec-14,79.77,113.91
26-Dec-14,79.52,113.99
24-Dec-14,77.71,112.01
23-Dec-14,78.33,112.54
22-Dec-14,78.49,112.94
19-Dec-14,78.24,111.78
18-Dec-14,77.65,112.65
17-Dec-14,74.84,109.41
16-Dec-14,75.16,106.74
15-Dec-14,76.6,108.22
12-Dec-14,76.87,109.73
11-Dec-14,78.8,111.62
10-Dec-14,79.85,111.95
9-Dec-14,79.3,114.12
8-Dec-14,79.65,112.4
5-Dec-14,81.08,115.0
4-Dec-14,82.2,115.49
3-Dec-14,81.35,115.93
2-Dec-14,80.75,114.63
1-Dec-14,84.25,115.07
28-Nov-14,84.4,118.93
26-Nov-14,84.1,119.0
25-Nov-14,84.75,117.6
24-Nov-14,83.77,118.62
21-Nov-14,82.57,116.47
20-Nov-14,81.86,116.31
19-Nov-14,80.74,114.67
18-Nov-14,80.69,115.47
17-Nov-14,82.28,113.99
14-Nov-14,79.19,114.18
13-Nov-14,78.45,112.82
12-Nov-14,76.43,111.25
11-Nov-14,74.75,109.7
10-Nov-14,74.33,108.83
7-Nov-14,74.32,109.01
6-Nov-14,73.79,108.7
5-Nov-14,74.3,108.86
4-Nov-14,74.49,108.6
3-Nov-14,75.3,109.4
31-Oct-14,73.04,108.0
30-Oct-14,72.35,106.98
29-Oct-14,72.37,107.34
28-Oct-14,71.74,106.74
27-Oct-14,70.48,105.11
24-Oct-14,70.49,105.22
23-Oct-14,70.05,104.83
22-Oct-14,69.11,102.99
21-Oct-14,68.02,102.47
20-Oct-14,64.96,99.76
17-Oct-14,64.0,97.67
16-Oct-14,62.72,96.26
15-Oct-14,64.15,97.54
14-Oct-14,65.52,98.75
13-Oct-14,66.78,99.81
10-Oct-14,67.03,100.73
9-Oct-14,67.38,101.02
8-Oct-14,66.11,100.8
7-Oct-14,65.12,98.75
6-Oct-14,65.65,99.62
3-Oct-14,65.21,99.62
2-Oct-14,65.22,99.9
1-Oct-14,65.69,99.18
30-Sep-14,66.54,100.75
29-Sep-14,65.44,100.11
26-Sep-14,65.75,100.75
25-Sep-14,65.71,97.87
24-Sep-14,67.85,101.75
23-Sep-14,67.94,102.64
22-Sep-14,67.14,101.06
19-Sep-14,67.35,100.96
18-Sep-14,67.35,101.79
17-Sep-14,66.8,101.58
16-Sep-14,66.26,100.86
15-Sep-14,68.05,101.63
12-Sep-14,67.19,101.66
11-Sep-14,66.44,101.43
10-Sep-14,66.11,101.0
9-Sep-14,68.08,97.99
8-Sep-14,64.31,98.36
5-Sep-14,64.39,98.97
4-Sep-14,65.09,98.12
3-Sep-14,68.2,98.94
2-Sep-14,68.74,103.3
29-Aug-14,67.9,102.5
28-Aug-14,67.78,102.25
27-Aug-14,67.57,102.13
26-Aug-14,66.5,100.89
25-Aug-14,67.17,101.54
22-Aug-14,66.47,101.32
21-Aug-14,65.94,100.58
20-Aug-14,66.09,100.57
19-Aug-14,65.68,100.53
18-Aug-14,64.37,99.16
15-Aug-14,63.19,97.98
14-Aug-14,62.56999999999999,97.5
13-Aug-14,62.239999999999995,97.24
12-Aug-14,61.879999999999995,95.97
11-Aug-14,61.08,95.99
8-Aug-14,59.81999999999999,94.74
7-Aug-14,60.95,94.48
6-Aug-14,60.480000000000004,94.96
5-Aug-14,60.68000000000001,95.12
4-Aug-14,61.58,95.59
1-Aug-14,61.620000000000005,96.13
31-Jul-14,62.45,95.6
30-Jul-14,63.7,98.15
29-Jul-14,64.44,98.38
28-Jul-14,64.24,99.02
25-Jul-14,62.84,97.67
24-Jul-14,62.31999999999999,97.03
23-Jul-14,62.879999999999995,97.19
22-Jul-14,59.89,94.72
21-Jul-14,60.0,93.94
18-Jul-14,59.739999999999995,94.43
17-Jul-14,60.28,93.09
16-Jul-14,62.099999999999994,94.78
15-Jul-14,61.849999999999994,95.32
14-Jul-14,61.89,96.45
11-Jul-14,60.89,95.22
10-Jul-14,60.55,95.04
9-Jul-14,60.95,95.39
8-Jul-14,61.8,95.35
7-Jul-14,60.989999999999995,95.97
3-Jul-14,59.099999999999994,94.03
2-Jul-14,59.06,93.48
1-Jul-14,59.06999999999999,93.52
30-Jun-14,58.72,92.93
27-Jun-14,57.0,91.98
26-Jun-14,56.05,90.9
25-Jun-14,55.7,90.36
24-Jun-14,56.739999999999995,90.28
23-Jun-14,56.620000000000005,90.83
20-Jun-14,57.55,90.91
19-Jun-14,57.3,91.86
18-Jun-14,57.290000000000006,92.18
17-Jun-14,57.7,92.08
16-Jun-14,57.75,92.2
13-Jun-14,57.44,91.28
12-Jun-14,59.120000000000005,92.29
11-Jun-14,59.760000000000005,93.86
10-Jun-14,60.05,94.25
9-Jun-14,58.879999999999995,93.7
6-Jun-14,58.040000000000006,92.22
5-Jun-14,57.769999999999996,92.48
4-Jun-14,57.56,92.12
3-Jun-14,56.25,91.08
2-Jun-14,55.69,89.81
30-May-14,57.019999999999996,90.43
29-May-14,55.980000000000004,90.77
28-May-14,54.980000000000004,89.14
27-May-14,54.41,89.38
23-May-14,52.81999999999999,87.73
22-May-14,52.120000000000005,86.75
21-May-14,51.67,86.62
20-May-14,51.629999999999995,86.39
19-May-14,51.760000000000005,86.37
16-May-14,50.36,85.36
15-May-14,50.230000000000004,84.12
14-May-14,50.34,84.84
13-May-14,49.93000000000001,84.82
12-May-14,49.81,84.69
9-May-14,48.75,83.65
8-May-14,49.92,84.0
7-May-14,50.33,84.62
6-May-14,51.34,84.92
5-May-14,50.86,85.85
2-May-14,49.89,84.65
1-May-14,49.97,84.5
30-Apr-14,50.629999999999995,84.3
29-Apr-14,50.14,84.62
28-Apr-14,50.11,84.87
25-Apr-14,46.709999999999994,81.71
24-Apr-14,46.43000000000001,81.11
23-Apr-14,40.879999999999995,74.96
22-Apr-14,40.980000000000004,75.96
21-Apr-14,41.019999999999996,75.88
17-Apr-14,40.39,74.99
16-Apr-14,39.44,74.14
15-Apr-14,39.519999999999996,73.99
14-Apr-14,39.59,74.53
11-Apr-14,39.69,74.23
10-Apr-14,41.03,74.78
9-Apr-14,40.78,75.76
8-Apr-14,40.16,74.78
7-Apr-14,40.84,74.78
4-Apr-14,42.14,75.97
3-Apr-14,42.5,76.97
2-Apr-14,42.64,77.51
1-Apr-14,42.41,77.38
31-Mar-14,42.260000000000005,76.68
28-Mar-14,41.989999999999995,76.69
27-Mar-14,42.36,76.78
26-Mar-14,43.43000000000001,77.11
25-Mar-14,42.959999999999994,77.86
24-Mar-14,42.209999999999994,77.03
21-Mar-14,41.25,76.12
20-Mar-14,41.099999999999994,75.53
19-Mar-14,41.61,75.89
18-Mar-14,41.0,75.91
17-Mar-14,40.709999999999994,75.25
14-Mar-14,40.84,74.96
13-Mar-14,42.09,75.81
12-Mar-14,41.760000000000005,76.66
11-Mar-14,41.959999999999994,76.58
10-Mar-14,41.19,75.85
7-Mar-14,41.0,75.78
6-Mar-14,41.349999999999994,75.82
5-Mar-14,41.39,76.05
4-Mar-14,41.09,75.89
3-Mar-14,40.81,75.39
28-Feb-14,41.11,75.18
27-Feb-14,40.540000000000006,75.38
26-Feb-14,40.0,73.91
25-Feb-14,40.650000000000006,74.58
24-Feb-14,40.7,75.36
21-Feb-14,41.370000000000005,75.04
20-Feb-14,41.709999999999994,75.88
19-Feb-14,43.129999999999995,76.77
18-Feb-14,43.739999999999995,78.0
14-Feb-14,43.0,77.71
13-Feb-14,42.84,77.78
12-Feb-14,42.08,76.56
11-Feb-14,41.81999999999999,76.57
10-Feb-14,41.0,75.57
7-Feb-14,39.7,74.24
6-Feb-14,38.36,73.22
5-Feb-14,38.61,73.23
4-Feb-14,37.78,72.68
3-Feb-14,37.53,71.65
31-Jan-14,36.650000000000006,71.51
30-Jan-14,37.36,71.4
29-Jan-14,37.480000000000004,71.54
28-Jan-14,38.56999999999999,72.36
27-Jan-14,44.260000000000005,78.64
24-Jan-14,44.370000000000005,78.01
23-Jan-14,44.5,79.45
22-Jan-14,44.61,78.79
21-Jan-14,43.58,78.44
17-Jan-14,43.870000000000005,77.24
16-Jan-14,44.55,79.18
15-Jan-14,45.03,79.62
14-Jan-14,43.099999999999994,78.06
13-Jan-14,42.5,76.53
10-Jan-14,42.260000000000005,76.13
9-Jan-14,43.120000000000005,76.65
8-Jan-14,42.94,77.64
7-Jan-14,42.989999999999995,77.15
6-Jan-14,43.11,77.7
3-Jan-14,44.099999999999994,77.28
2-Jan-14,44.58,79.02
31-Dec-13,45.18000000000001,80.15
30-Dec-13,45.010000000000005,79.22
27-Dec-13,45.629999999999995,80.01
26-Dec-13,46.36,80.56
24-Dec-13,46.7,81.1
23-Dec-13,46.53,81.44
20-Dec-13,43.8,78.43
19-Dec-13,43.56999999999999,77.78
18-Dec-13,43.78,78.68
17-Dec-13,44.92,79.28
16-Dec-13,45.379999999999995,79.64
13-Dec-13,45.41,79.2
12-Dec-13,45.760000000000005,80.08
11-Dec-13,46.56999999999999,80.19
10-Dec-13,46.129999999999995,80.79
9-Dec-13,46.370000000000005,80.92
6-Dec-13,45.959999999999994,80.0
5-Dec-13,47.16,81.13
4-Dec-13,46.31,80.71
3-Dec-13,45.91,80.9
2-Dec-13,45.620000000000005,78.75
29-Nov-13,44.760000000000005,79.44
27-Nov-13,43.0,77.99
26-Nov-13,41.59,76.2
25-Nov-13,40.120000000000005,74.82
22-Nov-13,39.59,74.26
21-Nov-13,39.459999999999994,74.45
20-Nov-13,39.349999999999994,73.57
19-Nov-13,39.769999999999996,74.22
18-Nov-13,40.31,74.09
15-Nov-13,40.58,75.0
14-Nov-13,40.61,75.45
13-Nov-13,39.61,74.38
12-Nov-13,39.849999999999994,74.29
11-Nov-13,39.519999999999996,74.15
8-Nov-13,39.45,74.37
7-Nov-13,39.739999999999995,73.21
6-Nov-13,39.980000000000004,74.42
5-Nov-13,40.56,75.06
4-Nov-13,40.260000000000005,75.25
1-Nov-13,39.97,74.29
31-Oct-13,40.36,74.67
30-Oct-13,40.36,74.98
29-Oct-13,42.040000000000006,73.81
28-Oct-13,40.86,75.7
25-Oct-13,41.18000000000001,75.14
24-Oct-13,41.06999999999999,75.99
23-Oct-13,40.099999999999994,74.99
22-Oct-13,40.489999999999995,74.27
21-Oct-13,39.900000000000006,74.48
18-Oct-13,37.75,72.7
17-Oct-13,37.11,72.07
16-Oct-13,36.790000000000006,71.59
15-Oct-13,36.709999999999994,71.24
14-Oct-13,36.08,70.86
11-Oct-13,35.55,70.4
10-Oct-13,35.34,69.95
9-Oct-13,34.68000000000001,69.51
8-Oct-13,35.09,68.71
7-Oct-13,35.379999999999995,69.68
4-Oct-13,34.230000000000004,69.0
3-Oct-13,35.34,69.06
2-Oct-13,35.260000000000005,69.94
1-Oct-13,34.879999999999995,69.71
30-Sep-13,33.81,68.11
27-Sep-13,34.239999999999995,68.96
26-Sep-13,34.790000000000006,69.46
25-Sep-13,34.95,68.79
24-Sep-13,35.78,69.87
23-Sep-13,35.989999999999995,70.09
20-Sep-13,33.36,66.77
19-Sep-13,32.980000000000004,67.47
18-Sep-13,31.620000000000005,66.38
17-Sep-13,30.67,65.05
16-Sep-13,30.939999999999998,64.3
13-Sep-13,32.400000000000006,66.41
12-Sep-13,32.91,67.53
11-Sep-13,32.67,66.82
10-Sep-13,37.489999999999995,70.66
9-Sep-13,37.56,72.31
6-Sep-13,36.34,71.17
5-Sep-13,36.53,70.75
4-Sep-13,36.75,71.24
3-Sep-13,36.510000000000005,69.8
30-Aug-13,35.42,69.6
29-Aug-13,35.93000000000001,70.24
28-Aug-13,35.83,70.13
27-Aug-13,36.790000000000006,69.8
26-Aug-13,37.89,71.85
23-Aug-13,36.91,71.57
22-Aug-13,37.230000000000004,71.85
21-Aug-13,37.45,71.77
20-Aug-13,37.94,71.58
19-Aug-13,38.39,72.53
16-Aug-13,36.849999999999994,71.76
15-Aug-13,36.769999999999996,71.13
14-Aug-13,37.040000000000006,71.21
13-Aug-13,35.67,69.94
12-Aug-13,31.950000000000003,66.77
9-Aug-13,30.78,64.92
8-Aug-13,31.299999999999997,65.86
7-Aug-13,31.709999999999994,66.43
6-Aug-13,32.41,66.46
5-Aug-13,32.239999999999995,67.06
2-Aug-13,31.120000000000005,66.08
1-Aug-13,30.260000000000005,65.24
31-Jul-13,30.33,64.65
30-Jul-13,30.310000000000002,64.76
29-Jul-13,29.28,63.97
26-Jul-13,28.009999999999998,63.0
25-Jul-13,28.060000000000002,62.64
24-Jul-13,28.509999999999998,62.93
23-Jul-13,25.990000000000002,59.86
22-Jul-13,26.39,60.9
19-Jul-13,27.0,60.71
18-Jul-13,27.119999999999997,61.68
17-Jul-13,26.75,61.47
16-Jul-13,26.53,61.46
15-Jul-13,26.64,61.06
12-Jul-13,26.4,60.93
11-Jul-13,26.18,61.04
10-Jul-13,25.689999999999998,60.1
9-Jul-13,25.5,60.34
8-Jul-13,25.14,59.29
5-Jul-13,25.47,59.63
3-Jul-13,25.43,60.11
2-Jul-13,25.229999999999997,59.78
1-Jul-13,23.9,58.46
28-Jun-13,22.18,56.65
27-Jun-13,22.340000000000003,56.25
26-Jun-13,22.83,56.87
25-Jun-13,23.259999999999998,57.52
24-Jun-13,23.380000000000003,57.51
21-Jun-13,25.0,59.07
20-Jun-13,25.85,59.55
19-Jun-13,26.67,60.43
18-Jun-13,27.130000000000003,61.68
17-Jun-13,27.240000000000002,61.71
14-Jun-13,27.33,61.44
13-Jun-13,27.450000000000003,62.28
12-Jun-13,28.04,61.74
11-Jun-13,28.25,62.51
10-Jun-13,29.150000000000006,62.7
7-Jun-13,28.32,63.12
6-Jun-13,28.86,62.64
5-Jun-13,29.39,63.59
4-Jun-13,29.92,64.19
3-Jun-13,29.620000000000005,64.39
31-May-13,30.299999999999997,64.25
30-May-13,29.930000000000007,64.51
29-May-13,28.93,63.56
28-May-13,29.439999999999998,63.06
24-May-13,28.67,63.59
23-May-13,28.740000000000002,63.16
22-May-13,29.049999999999997,63.05
21-May-13,28.64,62.81
20-May-13,28.689999999999998,63.28
17-May-13,27.869999999999997,61.89
16-May-13,27.549999999999997,62.08
15-May-13,28.0,61.26
14-May-13,30.03,63.41
13-May-13,30.409999999999997,64.96
10-May-13,30.67,64.71
9-May-13,31.14,65.25
8-May-13,31.480000000000004,66.26
7-May-13,31.540000000000006,65.52
6-May-13,31.03,65.82
3-May-13,29.75,64.28
2-May-13,29.08,63.65
1-May-13,28.560000000000002,62.76
30-Apr-13,28.61,63.25
29-Apr-13,26.939999999999998,61.45
26-Apr-13,24.82,59.6
25-Apr-13,24.130000000000003,58.34
24-Apr-13,24.32,57.92
23-Apr-13,23.340000000000003,58.02
22-Apr-13,22.46,56.95
19-Apr-13,22.090000000000003,55.79
18-Apr-13,22.97,56.01
17-Apr-13,25.090000000000003,57.54
16-Apr-13,25.939999999999998,60.89
15-Apr-13,26.130000000000003,59.98
12-Apr-13,27.020000000000003,61.4
11-Apr-13,27.57,62.05
10-Apr-13,27.439999999999998,62.24
9-Apr-13,26.21,61.0
8-Apr-13,26.07,60.89
5-Apr-13,25.71,60.46
4-Apr-13,27.14,61.1
3-Apr-13,27.47,61.71
2-Apr-13,27.590000000000003,61.4
1-Apr-13,28.380000000000003,61.27
28-Mar-13,29.549999999999997,63.24
27-Mar-13,30.260000000000005,64.58
26-Mar-13,31.549999999999997,65.88
25-Mar-13,32.14,66.23
22-Mar-13,31.010000000000005,65.99
21-Mar-13,30.430000000000007,64.68
20-Mar-13,30.379999999999995,64.58
19-Mar-13,30.849999999999994,64.93
18-Mar-13,30.349999999999994,65.1
15-Mar-13,28.46,63.38
14-Mar-13,27.090000000000003,61.79
13-Mar-13,27.07,61.19
12-Mar-13,27.700000000000003,61.2
11-Mar-13,27.72,62.55
8-Mar-13,27.200000000000003,61.67
7-Mar-13,26.72,61.51
6-Mar-13,27.18,60.81
5-Mar-13,27.17,61.59
4-Mar-13,26.17,60.01
1-Mar-13,27.6,61.5
28-Feb-13,28.979999999999997,63.06
27-Feb-13,29.629999999999995,63.51
26-Feb-13,29.510000000000005,64.14
25-Feb-13,30.019999999999996,63.26
22-Feb-13,29.510000000000005,64.4
21-Feb-13,29.17,63.72
20-Feb-13,30.379999999999995,64.12
19-Feb-13,31.099999999999994,65.71
15-Feb-13,32.17,65.74
14-Feb-13,32.379999999999995,66.66
13-Feb-13,32.66,66.72
12-Feb-13,33.91,66.84
11-Feb-13,34.28,68.56
8-Feb-13,33.400000000000006,67.85
7-Feb-13,32.14,66.89
6-Feb-13,31.64,65.34
5-Feb-13,30.680000000000007,65.41
4-Feb-13,30.129999999999995,63.19
1-Feb-13,30.64,64.8
31-Jan-13,30.61,65.07
30-Jan-13,31.090000000000003,65.26
29-Jan-13,30.739999999999995,65.47
28-Jan-13,29.739999999999995,64.26
25-Jan-13,30.180000000000007,62.84
24-Jan-13,31.53,64.36
23-Jan-13,38.56999999999999,73.43
22-Jan-13,37.55,72.11
18-Jan-13,36.75,71.43
17-Jan-13,37.959999999999994,71.81
16-Jan-13,37.78,72.3
15-Jan-13,36.28,69.42
14-Jan-13,37.5,71.68
11-Jan-13,40.05,74.33
10-Jan-13,40.53,74.79
9-Jan-13,40.0,73.87
8-Jan-13,40.980000000000004,75.04
7-Jan-13,40.599999999999994,74.8
4-Jan-13,41.95,75.29
3-Jan-13,43.519999999999996,77.44
2-Jan-13,44.290000000000006,78.43
31-Dec-12,41.489999999999995,76.02
28-Dec-12,38.5,72.8
27-Dec-12,38.75,73.58
26-Dec-12,39.209999999999994,73.29
24-Dec-12,39.89,74.31
21-Dec-12,39.239999999999995,74.19
20-Dec-12,40.739999999999995,74.53
19-Dec-12,41.239999999999995,75.19
18-Dec-12,41.41,76.27
17-Dec-12,39.290000000000006,74.12
14-Dec-12,39.019999999999996,72.83
13-Dec-12,41.81,75.67
12-Dec-12,43.290000000000006,77.0
11-Dec-12,43.510000000000005,77.34
10-Dec-12,41.93000000000001,75.69
7-Dec-12,44.31,76.18
6-Dec-12,44.040000000000006,78.18
5-Dec-12,46.31999999999999,76.97
4-Dec-12,48.11,82.26
3-Dec-12,49.94,83.74
30-Nov-12,49.06,83.61
29-Nov-12,49.89,84.19
28-Nov-12,48.69,83.28
27-Nov-12,49.349999999999994,83.54
26-Nov-12,49.290000000000006,84.22
23-Nov-12,46.709999999999994,81.64
21-Nov-12,46.05,80.24
20-Nov-12,46.709999999999994,80.13
19-Nov-12,46.06999999999999,80.82
16-Nov-12,40.709999999999994,75.38
15-Nov-12,42.06999999999999,75.09
14-Nov-12,43.209999999999994,76.7
13-Nov-12,43.64,77.56
12-Nov-12,44.209999999999994,77.55
9-Nov-12,44.269999999999996,78.15
8-Nov-12,45.31999999999999,76.82
7-Nov-12,47.08,79.71
6-Nov-12,49.39,83.26
5-Nov-12,48.97,83.52
2-Nov-12,50.28,82.4
1-Nov-12,51.14,85.22
31-Oct-12,50.989999999999995,85.05
26-Oct-12,52.709999999999994,86.29
25-Oct-12,53.86,87.08
24-Oct-12,54.510000000000005,88.12
23-Oct-12,55.56,87.62
22-Oct-12,55.769999999999996,90.58
19-Oct-12,55.25,87.12
18-Oct-12,56.72,90.38
17-Oct-12,58.260000000000005,92.09
16-Oct-12,57.900000000000006,92.83
15-Oct-12,55.730000000000004,90.68
12-Oct-12,55.769999999999996,89.96
11-Oct-12,57.5,89.7
10-Oct-12,57.14,91.56
9-Oct-12,56.5,90.84
8-Oct-12,57.510000000000005,91.17
5-Oct-12,60.14,93.23
4-Oct-12,61.31999999999999,95.26
3-Oct-12,60.980000000000004,95.92
2-Oct-12,60.19,94.47
1-Oct-12,61.68000000000001,94.2
28-Sep-12,62.3,95.3
27-Sep-12,62.45,97.33
26-Sep-12,61.099999999999994,95.03
25-Sep-12,63.97,96.22
24-Sep-12,64.3,98.68
21-Sep-12,65.72,100.01
20-Sep-12,65.01,99.81
19-Sep-12,65.57,100.3
18-Sep-12,65.33,100.27
17-Sep-12,64.97,99.97
14-Sep-12,64.57,98.75
13-Sep-12,62.93000000000001,97.57
12-Sep-12,60.7,95.68
11-Sep-12,60.730000000000004,94.37
10-Sep-12,62.61,94.68
7-Sep-12,62.5,97.21
6-Sep-12,61.900000000000006,96.61
5-Sep-12,61.620000000000005,95.75
4-Sep-12,61.45,96.42
31-Aug-12,60.510000000000005,95.03
30-Aug-12,60.94,94.84
29-Aug-12,61.81,96.21
28-Aug-12,61.59,96.4
27-Aug-12,62.269999999999996,96.53
24-Aug-12,60.64,94.75
23-Aug-12,60.7,94.66
22-Aug-12,60.56999999999999,95.55
21-Aug-12,61.41,93.72
20-Aug-12,60.019999999999996,95.02
17-Aug-12,57.599999999999994,92.59
16-Aug-12,55.97,90.91
15-Aug-12,55.56999999999999,90.12
14-Aug-12,56.230000000000004,90.24
13-Aug-12,55.0,90.0
10-Aug-12,53.81999999999999,88.81
9-Aug-12,53.81999999999999,88.68
8-Aug-12,54.129999999999995,88.55
7-Aug-12,54.290000000000006,88.7
6-Aug-12,54.269999999999996,88.94
3-Aug-12,53.28,87.96
2-Aug-12,52.239999999999995,86.83
1-Aug-12,53.06,86.69
31-Jul-12,52.39,87.25
30-Jul-12,50.629999999999995,85.0
27-Jul-12,48.69,83.59
26-Jul-12,47.91,82.13
25-Jul-12,47.97,82.14
24-Jul-12,52.099999999999994,85.85
23-Jul-12,51.56,86.26
20-Jul-12,52.78,86.33
19-Jul-12,52.91,87.76
18-Jul-12,51.91,86.61
17-Jul-12,52.36,86.71
16-Jul-12,52.370000000000005,86.7
13-Jul-12,51.739999999999995,86.42
12-Jul-12,51.209999999999994,85.56
11-Jul-12,51.81,86.35
10-Jul-12,53.55,86.89
9-Jul-12,52.7,87.7
6-Jul-12,51.92,86.55
5-Jul-12,52.760000000000005,87.13
3-Jul-12,50.709999999999994,85.63
2-Jul-12,49.78,84.65
29-Jun-12,48.43000000000001,83.43
28-Jun-12,47.0,81.29
27-Jun-12,47.39,82.07
26-Jun-12,47.06999999999999,81.72
25-Jun-12,47.83,81.54
22-Jun-12,48.17,83.16
21-Jun-12,49.03,82.52
20-Jun-12,49.18000000000001,83.68
19-Jun-12,49.290000000000006,83.92
18-Jun-12,48.980000000000004,83.68
15-Jun-12,47.09,82.02
14-Jun-12,46.93000000000001,81.65
13-Jun-12,47.64,81.74
12-Jun-12,47.370000000000005,82.31
11-Jun-12,49.06999999999999,81.6
8-Jun-12,47.94,82.9
7-Jun-12,47.47,81.67
6-Jun-12,46.980000000000004,81.64
5-Jun-12,45.92,80.4
4-Jun-12,46.06999999999999,80.61
1-Jun-12,46.81,80.14
31-May-12,48.06999999999999,82.53
30-May-12,47.86,82.74
29-May-12,47.0,81.75
25-May-12,45.84,80.33
24-May-12,47.36,80.76
23-May-12,46.83,81.51
22-May-12,46.980000000000004,79.57
21-May-12,45.22,80.18
18-May-12,42.629999999999995,75.77
17-May-12,43.209999999999994,75.73
16-May-12,44.56,78.01
15-May-12,45.459999999999994,79.02
14-May-12,46.06999999999999,79.75
11-May-12,47.06999999999999,80.96
10-May-12,47.269999999999996,81.5
9-May-12,47.0,81.31
8-May-12,46.64,81.17
7-May-12,46.81999999999999,81.35
4-May-12,47.620000000000005,80.75
3-May-12,49.489999999999995,83.12
2-May-12,48.91,83.71
1-May-12,50.25,83.16
30-Apr-12,50.489999999999995,83.43
27-Apr-12,51.599999999999994,86.14
26-Apr-12,52.81,86.81
25-Apr-12,53.290000000000006,87.14
24-Apr-12,46.099999999999994,80.04
23-Apr-12,47.379999999999995,81.67
20-Apr-12,49.95,81.85
19-Apr-12,51.39,83.92
18-Apr-12,53.61,86.91
17-Apr-12,52.14,87.1
16-Apr-12,52.18000000000001,82.88
13-Apr-12,54.239999999999995,86.46
12-Apr-12,55.19,88.97
11-Apr-12,55.980000000000004,89.46
10-Apr-12,57.0,89.78
9-Apr-12,56.41,90.89
5-Apr-12,55.67,90.53
4-Apr-12,54.41,89.19
3-Apr-12,55.31999999999999,89.9
2-Apr-12,53.400000000000006,88.38
30-Mar-12,52.22,85.65
29-Mar-12,53.08,87.12
28-Mar-12,53.78,88.23
27-Mar-12,53.040000000000006,87.78
26-Mar-12,51.739999999999995,86.71
23-Mar-12,50.97,85.15
22-Mar-12,51.36,85.62
21-Mar-12,52.09,86.07
20-Mar-12,51.7,86.57
19-Mar-12,50.97,85.87
16-Mar-12,49.17,83.65
15-Mar-12,50.72,83.65
14-Mar-12,49.959999999999994,84.23
13-Mar-12,46.17,81.16
12-Mar-12,43.86,78.86
9-Mar-12,43.25,77.88
8-Mar-12,42.56999999999999,77.43
7-Mar-12,41.83,75.81
6-Mar-12,41.239999999999995,75.75
5-Mar-12,43.209999999999994,76.17
2-Mar-12,43.11,77.88
1-Mar-12,43.31999999999999,77.78
29-Feb-12,43.230000000000004,77.49
28-Feb-12,41.489999999999995,76.49
27-Feb-12,40.5,75.11
24-Feb-12,39.7,74.63
23-Feb-12,38.980000000000004,73.77
22-Feb-12,38.64,73.29
21-Feb-12,38.55,73.55
17-Feb-12,37.540000000000006,71.73
16-Feb-12,37.129999999999995,71.74
15-Feb-12,40.18000000000001,71.1
14-Feb-12,37.790000000000006,72.78
13-Feb-12,36.980000000000004,71.8
10-Feb-12,36.09,70.49
9-Feb-12,35.959999999999994,70.45
8-Feb-12,33.11,68.1
7-Feb-12,32.11,66.98
6-Feb-12,31.430000000000007,66.28
3-Feb-12,30.709999999999994,65.67
2-Feb-12,30.310000000000002,65.02
1-Feb-12,30.569999999999993,65.17
31-Jan-12,30.459999999999994,65.21
30-Jan-12,29.840000000000003,64.72
27-Jan-12,29.069999999999993,63.9
26-Jan-12,29.11,63.52
25-Jan-12,29.92,63.81
24-Jan-12,25.729999999999997,60.06
23-Jan-12,26.21,61.06
20-Jan-12,26.07,60.04
19-Jan-12,26.619999999999997,61.11
18-Jan-12,26.35,61.3
17-Jan-12,25.86,60.67
13-Jan-12,25.060000000000002,59.97
12-Jan-12,25.409999999999997,60.2
11-Jan-12,25.409999999999997,60.36
10-Jan-12,25.86,60.46
9-Jan-12,26.11,60.25
6-Jan-12,25.39,60.34
5-Jan-12,24.79,59.72
4-Jan-12,24.240000000000002,59.06
3-Jan-12,23.93,58.75
30-Dec-11,23.04,57.86
29-Dec-11,22.950000000000003,57.87
28-Dec-11,23.32,57.52
27-Dec-11,23.439999999999998,58.08
23-Dec-11,22.659999999999997,57.62
22-Dec-11,22.020000000000003,56.94
21-Dec-11,21.759999999999998,56.64
20-Dec-11,21.590000000000003,56.56
19-Dec-11,19.979999999999997,54.6
16-Dec-11,19.880000000000003,54.43
15-Dec-11,19.82,54.13
14-Dec-11,20.340000000000003,54.31
13-Dec-11,21.490000000000002,55.54
12-Dec-11,21.270000000000003,55.98
9-Dec-11,21.29,56.23
8-Dec-11,21.5,55.81
7-Dec-11,20.85,55.58
6-Dec-11,21.380000000000003,55.85
5-Dec-11,21.630000000000003,56.14
2-Dec-11,21.229999999999997,55.67
1-Dec-11,20.57,55.42
30-Nov-11,19.61,54.6
29-Nov-11,19.119999999999997,53.31
28-Nov-11,18.82,53.73
25-Nov-11,18.020000000000003,51.94
23-Nov-11,18.689999999999998,52.43
22-Nov-11,18.990000000000002,53.79
21-Nov-11,18.1,52.72
18-Nov-11,19.28,53.56
17-Nov-11,19.939999999999998,53.92
16-Nov-11,20.880000000000003,54.97
15-Nov-11,20.64,55.55
14-Nov-11,20.04,54.18
11-Nov-11,20.53,54.95
10-Nov-11,21.740000000000002,55.03
9-Nov-11,22.270000000000003,56.47
8-Nov-11,23.29,58.03
7-Nov-11,22.14,57.1
4-Nov-11,22.630000000000003,57.18
3-Nov-11,22.630000000000003,57.58
2-Nov-11,22.21,56.77
1-Nov-11,22.07,56.64
31-Oct-11,23.479999999999997,57.83
28-Oct-11,23.049999999999997,57.85
27-Oct-11,23.43,57.81
26-Oct-11,22.509999999999998,57.23
25-Oct-11,23.08,56.82
24-Oct-11,23.07,57.97
21-Oct-11,22.020000000000003,56.12
20-Oct-11,22.189999999999998,56.47
19-Oct-11,23.35,56.95
18-Oct-11,25.689999999999998,60.32
17-Oct-11,25.96,60.0
14-Oct-11,25.29,60.29
13-Oct-11,23.35,58.35
12-Oct-11,23.46,57.46
11-Oct-11,22.6,57.18
10-Oct-11,20.54,55.54
7-Oct-11,18.96,52.83
6-Oct-11,19.97,53.91
5-Oct-11,19.259999999999998,54.04
4-Oct-11,19.54,53.21
3-Oct-11,19.659999999999997,53.51
30-Sep-11,20.560000000000002,54.47
29-Sep-11,22.46,55.8
28-Sep-11,22.68,56.72
27-Sep-11,23.46,57.04
26-Sep-11,22.71,57.6
23-Sep-11,23.11,57.76
22-Sep-11,23.549999999999997,57.4
21-Sep-11,25.229999999999997,58.88
20-Sep-11,25.409999999999997,59.06
19-Sep-11,24.03,58.8
16-Sep-11,22.22,57.21
15-Sep-11,21.240000000000002,56.14
14-Sep-11,21.03,55.61
13-Sep-11,20.17,54.95
12-Sep-11,19.409999999999997,54.28
9-Sep-11,20.14,53.93
8-Sep-11,20.520000000000003,54.88
7-Sep-11,20.090000000000003,54.85
6-Sep-11,19.33,54.25
2-Sep-11,19.0,53.44
1-Sep-11,20.33,54.43
31-Aug-11,21.009999999999998,54.98
30-Aug-11,20.979999999999997,55.71
29-Aug-11,20.93,55.71
26-Aug-11,19.83,54.8
25-Aug-11,18.64,53.39
24-Aug-11,19.14,53.74
23-Aug-11,18.380000000000003,53.37
22-Aug-11,17.130000000000003,50.92
19-Aug-11,17.43,50.86
18-Aug-11,18.240000000000002,52.29
17-Aug-11,19.93,54.35
16-Aug-11,19.770000000000003,54.35
15-Aug-11,20.0,54.77
12-Aug-11,19.229999999999997,53.86
11-Aug-11,18.64,53.39
10-Aug-11,18.520000000000003,51.96
9-Aug-11,18.520000000000003,53.43
8-Aug-11,17.54,50.46
5-Aug-11,19.79,53.37
4-Aug-11,20.9,53.91
3-Aug-11,21.22,56.08
2-Aug-11,21.130000000000003,55.46
1-Aug-11,22.07,56.68
29-Jul-11,21.450000000000003,55.78
28-Jul-11,21.71,55.97
27-Jul-11,22.520000000000003,56.08
26-Jul-11,22.79,57.63
25-Jul-11,22.14,56.93
22-Jul-11,21.439999999999998,56.19
21-Jul-11,20.72,55.33
20-Jul-11,21.61,55.27
19-Jul-11,19.090000000000003,53.84
18-Jul-11,18.520000000000003,53.4
15-Jul-11,17.14,52.13
14-Jul-11,16.659999999999997,51.11
13-Jul-11,16.43,51.15
12-Jul-11,16.1,50.54
11-Jul-11,16.4,50.57
8-Jul-11,16.43,51.39
7-Jul-11,16.14,51.03
6-Jul-11,15.590000000000003,50.25
5-Jul-11,14.979999999999997,49.92
1-Jul-11,14.07,49.04
30-Jun-11,13.020000000000003,47.95
29-Jun-11,13.049999999999997,47.72
28-Jun-11,13.100000000000001,47.89
27-Jun-11,12.700000000000003,47.43
24-Jun-11,12.590000000000003,46.62
23-Jun-11,12.380000000000003,47.32
22-Jun-11,11.990000000000002,46.09
21-Jun-11,11.54,46.47
20-Jun-11,10.39,45.05
17-Jun-11,12.04,45.75
16-Jun-11,11.950000000000003,46.45
15-Jun-11,12.189999999999998,46.68
14-Jun-11,12.61,47.49
13-Jun-11,11.899999999999999,46.66
10-Jun-11,12.380000000000003,46.56
9-Jun-11,12.670000000000002,47.36
8-Jun-11,12.829999999999998,47.46
7-Jun-11,13.32,47.43
6-Jun-11,14.579999999999998,48.29
3-Jun-11,14.329999999999998,49.06
2-Jun-11,14.71,49.44
1-Jun-11,15.299999999999997,49.36
31-May-11,14.689999999999998,49.69
27-May-11,13.229999999999997,48.2
26-May-11,13.130000000000003,47.86
25-May-11,13.369999999999997,48.11
24-May-11,12.990000000000002,47.46
23-May-11,13.0,47.77
20-May-11,13.71,47.89
19-May-11,13.920000000000002,48.65
18-May-11,13.719999999999999,48.55
17-May-11,13.020000000000003,48.02
16-May-11,13.75,47.61
13-May-11,14.46,48.64
12-May-11,14.590000000000003,49.51
11-May-11,15.0,49.6
10-May-11,14.96,49.92
9-May-11,14.89,49.66
6-May-11,15.0,49.52
5-May-11,15.14,49.54
4-May-11,15.259999999999998,49.94
3-May-11,14.979999999999997,49.74
2-May-11,15.07,49.47
29-Apr-11,15.560000000000002,50.02
28-Apr-11,14.96,49.54
27-Apr-11,15.340000000000003,50.02
26-Apr-11,15.71,50.06
25-Apr-11,15.54,50.43
21-Apr-11,15.729999999999997,50.1
20-Apr-11,14.39,48.92
19-Apr-11,13.280000000000001,48.27
18-Apr-11,12.46,47.41
15-Apr-11,12.659999999999997,46.78
14-Apr-11,13.0,47.49
13-Apr-11,13.020000000000003,48.02
12-Apr-11,12.68,47.49
11-Apr-11,12.950000000000003,47.26
8-Apr-11,13.590000000000003,47.87
7-Apr-11,13.630000000000003,48.3
6-Apr-11,14.130000000000003,48.29
5-Apr-11,13.89,48.41
4-Apr-11,14.229999999999997,48.74
1-Apr-11,15.229999999999997,49.22
31-Mar-11,14.969999999999999,49.79
30-Mar-11,15.130000000000003,49.8
29-Mar-11,15.14,50.14
28-Mar-11,15.619999999999997,50.06
25-Mar-11,15.29,50.22
24-Mar-11,14.43,49.28
23-Mar-11,13.600000000000001,48.46
22-Mar-11,13.950000000000003,48.74
21-Mar-11,13.530000000000001,48.47
18-Mar-11,13.310000000000002,47.24
17-Mar-11,13.520000000000003,47.81
16-Mar-11,14.0,47.14
15-Mar-11,14.689999999999998,49.35
14-Mar-11,15.93,50.51
11-Mar-11,15.329999999999998,50.28
10-Mar-11,14.969999999999999,49.52
9-Mar-11,15.68,50.35
8-Mar-11,16.060000000000002,50.82
7-Mar-11,16.67,50.77
4-Mar-11,16.47,51.43
3-Mar-11,16.4,51.37
2-Mar-11,15.619999999999997,50.3
1-Mar-11,15.82,49.9
28-Feb-11,15.719999999999999,50.46
25-Feb-11,14.780000000000001,49.74
24-Feb-11,14.310000000000002,48.98
23-Feb-11,14.229999999999997,48.95
22-Feb-11,14.340000000000003,48.37
18-Feb-11,16.36,50.08
17-Feb-11,16.47,51.19
16-Feb-11,17.130000000000003,51.88
15-Feb-11,16.42,51.41
14-Feb-11,16.35,51.31
11-Feb-11,16.11,50.98
10-Feb-11,16.43,50.65
9-Feb-11,16.29,51.17
8-Feb-11,15.79,50.74
7-Feb-11,15.46,50.27
4-Feb-11,14.530000000000001,49.5
3-Feb-11,14.18,49.06
2-Feb-11,14.32,49.19
1-Feb-11,14.380000000000003,49.29
31-Jan-11,13.579999999999998,48.47
28-Jan-11,14.200000000000003,48.01
27-Jan-11,14.240000000000002,49.03
26-Jan-11,14.369999999999997,49.12
25-Jan-11,13.780000000000001,48.77
24-Jan-11,13.21,48.21
21-Jan-11,12.840000000000003,46.67
20-Jan-11,13.329999999999998,47.53
19-Jan-11,14.799999999999997,48.41
18-Jan-11,14.25,48.66
14-Jan-11,14.780000000000001,49.78
13-Jan-11,14.520000000000003,49.38
12-Jan-11,14.200000000000003,49.2
11-Jan-11,14.280000000000001,48.81
10-Jan-11,14.030000000000001,48.92
7-Jan-11,13.049999999999997,48.02
6-Jan-11,12.89,47.68
5-Jan-11,12.759999999999998,47.71
4-Jan-11,12.5,47.33
3-Jan-11,12.18,47.08
